Variable,CC,RMSE,SI,BIAS,MeanAPD,StdAPD
Effluent COD,"PearsonRResult(statistic=0.30884683036826216, pvalue=2.8144820767225816e-27)",2.7735107880153977,0.20987721044466295,0.023314379289415176,16.675274327346433,13.438589403536023
Effluent Total suspended solids,"PearsonRResult(statistic=0.5782733979544931, pvalue=2.3003023265570637e-105)",2.5778464208989007,0.4761166402034785,0.07932343602679096,40.18417280815326,38.90121364838948
