Variable,CC,RMSE,SI,BIAS,MeanAPD,StdAPD
Effluent BOD,"(0.9848762637855996, 0.0)",0.6470060282003643,0.1253706364145086,0.016512895197012233,4.050071866903365,6.884604736278404
Effluent COD,"(0.9912818882467218, 0.0)",1.02611228629761,0.06385565878467023,0.08535500645965108,2.8449588670884625,3.687907182413082
Effluent Total suspended solids,"(0.9925315922788776, 0.0)",0.18979547115695725,0.029430199484993234,-0.05219214950823918,1.8097218313257426,2.4068839867513625
